0;512
0;1515
0;1054
0;2599
0;1837
0;3887
0;960
0;1349
0;3531
0;3022
0;548
0;1767
0;239
0;2300
2;3840
2;2050
2;1539
2;1540
2;908
2;1939
2;3176
2;3355
2;1054
2;1695
2;2849
2;3748
2;3750
2;1194
2;1837
2;3887
2;648
2;186
2;315
2;1349
2;3142
2;1482
2;3531
2;332
2;3022
2;3153
2;2147
2;2901
2;1368
2;2398
2;3681
2;3172
2;1767
2;4072
2;2599
2;1515
2;3189
2;3062
2;737
2;2300
2;1406
3;1451
3;1540
3;1368
3;2073
3;1054
3;2608
3;180
3;78
3;3153
3;3157
3;3161
3;625
3;135
3;648
3;162
3;885
3;1739
3;218
3;1767
3;2599
3;1271
3;252
3;622
3;1294
3;1830
3;1837
3;3887
3;819
3;314
3;315
3;316
3;1342
3;319
3;325
3;332
3;851
3;343
3;347
3;2402
3;1893
3;2929
3;882
3;373
3;392
3;393
3;401
3;1939
3;1944
3;1349
3;406
3;1446
3;940
3;433
3;1458
3;439
3;1977
3;964
3;1989
3;3531
3;3022
3;4054
3;997
3;2300
3;1515
3;1517
4;2050
4;522
4;534
4;1562
4;1054
4;2599
4;555
4;1070
4;1081
4;2570
4;3145
4;2122
4;2123
4;77
4;1616
4;3153
4;86
4;4183
4;603
4;2146
4;1644
4;3189
4;4226
4;2691
4;3204
4;2193
4;2711
4;2201
4;2714
4;2415
4;1209
4;719
4;737
4;1767
4;1782
4;761
4;2300
4;3354
4;3355
4;3875
4;2342
4;1836
4;1837
4;3887
4;1843
4;823
4;312
4;1342
4;1349
4;1862
4;1360
4;851
4;2901
4;346
4;1406
4;1517
4;1939
4;3480
4;1977
4;1989
4;456
4;3531
4;3022
4;4054
4;4072
4;1515
4;4076
4;3062
4;3068
4;2389
5;384
5;898
5;1771
5;393
5;4106
5;2700
5;502
5;1054
5;3999
5;1312
5;1350
5;2599
5;1837
5;1209
5;4127
5;1597
5;323
5;1349
5;3531
5;204
5;3022
5;4183
5;3191
5;1500
5;1246
5;3681
5;741
5;1767
5;4072
5;745
5;1515
5;1644
5;3750
5;1525
5;1015
5;2042
5;2300
5;3197
6;0
6;1
6;2050
6;518
6;512
6;2073
6;1054
6;548
6;2599
6;555
6;2608
6;78
6;3153
6;3157
6;86
6;3161
6;3172
6;445
6;3700
6;3189
6;3713
6;4236
6;142
6;1680
6;147
6;2714
6;1695
6;3748
6;180
6;3253
6;186
6;3774
6;218
6;1767
6;1271
6;252
6;3848
6;3873
6;1830
6;135
6;1837
6;3887
6;314
6;315
6;316
6;1349
6;332
6;1869
6;345
6;350
6;867
6;2921
6;2929
6;373
6;1939
6;406
6;1944
6;2982
6;430
6;433
6;439
6;1977
6;957
6;1989
6;3531
6;3022
6;2300
6;1515
7;1539
7;1540
7;1090
7;3157
7;2654
7;3681
7;3176
7;3191
7;2179
7;2698
7;2710
7;2713
7;1695
7;3750
7;1708
7;186
7;1246
7;1767
7;2599
7;1271
7;2300
7;2691
7;1814
7;2849
7;1837
7;3887
7;314
7;1349
7;332
7;316
7;908
7;401
7;1939
7;406
7;1949
7;1446
7;1054
7;433
7;2492
7;1482
7;3531
7;3022
7;4054
7;1515
7;1517
8;0
8;2560
8;908
8;1294
8;1069
8;3739
8;1054
8;1695
8;2849
8;1955
8;2599
8;1837
8;3246
8;3887
8;1077
8;1055
8;1349
8;3531
8;3022
8;719
8;1232
8;727
8;730
8;1246
8;737
8;2790
8;3176
8;1515
8;111
8;1140
8;502
8;761
8;2300
8;1406
9;1054
9;1695
9;2599
9;1837
9;3887
9;314
9;315
9;316
9;1349
9;1862
9;3531
9;332
9;3022
9;730
9;1246
9;3172
9;1767
9;1515
9;2300
10;3840
10;1540
10;2713
10;1054
10;2599
10;3882
10;1837
10;3887
10;1349
10;3531
10;3022
10;1767
10;1515
10;2300
10;1406
11;1539
11;516
11;1836
11;527
11;2069
11;3748
11;2599
11;2858
11;1837
11;3246
11;54
11;315
11;700
11;2110
11;1349
11;1224
11;3531
11;3022
11;339
11;1054
11;1109
11;345
11;742
11;1767
11;1515
11;364
11;1769
11;2300
12;0
12;2560
12;4226
12;1669
12;393
12;2570
12;401
12;2833
12;1939
12;2710
12;1540
12;3355
12;3870
12;1695
12;2849
12;2342
12;2599
12;1837
12;3887
12;2608
12;1458
12;2654
12;3209
12;186
12;1739
12;1349
12;3142
12;3531
12;3149
12;3022
12;851
12;1109
12;3161
12;2650
12;1246
12;1247
12;3750
12;1767
12;1515
12;1644
12;1517
12;4208
12;3961
12;2300
12;1406
13;1294
13;1965
13;1054
13;2599
13;1837
13;3887
13;314
13;1342
13;1349
13;3531
13;3022
13;1368
13;2042
13;737
13;1767
13;1515
13;1644
13;2300
13;1109
14;0
14;1
14;77
14;78
14;86
14;135
14;142
14;162
14;180
14;186
14;218
14;252
14;312
14;314
14;315
14;316
14;319
14;320
14;332
14;337
14;343
14;345
14;346
14;373
14;379
14;392
14;401
14;406
14;433
14;500
14;527
14;534
14;603
14;619
14;622
14;625
14;640
14;648
14;680
14;706
14;730
14;737
14;757
14;856
14;879
14;882
14;885
14;892
14;908
14;938
14;970
14;1003
14;1008
14;1036
14;1054
14;1081
14;1088
14;1090
14;1092
14;1109
14;1139
14;1140
14;1181
14;1206
14;1224
14;1232
14;1246
14;1271
14;1309
14;1342
14;1349
14;1350
14;1353
14;1360
14;1406
14;1446
14;1451
14;1482
14;1495
14;1515
14;1517
14;1518
14;1525
14;1539
14;1540
14;1565
14;1644
14;1669
14;1680
14;1681
14;1695
14;1708
14;1737
14;1767
14;1814
14;1830
14;1836
14;1837
14;1862
14;1880
14;1889
14;1893
14;1935
14;1939
14;1944
14;1949
14;1977
14;1989
14;2042
14;2050
14;2069
14;2073
14;2085
14;2109
14;2123
14;2146
14;2147
14;2179
14;2191
14;2193
14;2201
14;2204
14;2299
14;2300
14;2342
14;2355
14;2398
14;2492
14;2599
14;2608
14;2634
14;2635
14;2650
14;2654
14;2679
14;2691
14;2698
14;2710
14;2711
14;2713
14;2714
14;2849
14;2901
14;2932
14;2945
14;3022
14;3142
14;3145
14;3153
14;3157
14;3161
14;3172
14;3176
14;3177
14;3191
14;3204
14;3209
14;3222
14;3246
14;3253
14;3351
14;3355
14;3391
14;3416
14;3480
14;3527
14;3531
14;3532
14;3551
14;3599
14;3681
14;3727
14;3739
14;3748
14;3750
14;3795
14;3840
14;3848
14;3873
14;3882
14;3887
14;3921
14;4054
14;4072
14;4076
14;4127
14;4157
14;4186
14;4205
14;4206
14;4229
14;4234
14;4236
14;4280
15;2570
15;2193
15;2711
15;2713
15;3227
15;1054
15;1695
15;2849
15;2599
15;1451
15;1837
15;3887
15;3480
15;707
15;1349
15;1482
15;3531
15;3022
15;1360
15;3536
15;2901
15;730
15;1232
15;1767
15;892
15;1515
15;3795
15;2300
16;2050
16;78
16;4186
16;4197
16;4205
16;2179
16;162
16;204
16;2299
16;2309
16;325
16;332
16;364
16;373
16;401
16;406
16;2560
16;2599
16;2608
16;2654
16;2691
16;648
16;2698
16;2710
16;2713
16;730
16;737
16;742
16;2849
16;2901
16;2929
16;2932
16;892
16;908
16;3022
16;1054
16;1090
16;1092
16;3161
16;3167
16;3176
16;3191
16;3216
16;3227
16;1181
16;3246
16;1232
16;1246
16;1271
16;1342
16;1349
16;1406
16;3480
16;1446
16;1482
16;3531
16;3536
16;2300
16;1515
16;1517
16;1539
16;1540
16;3681
16;1681
16;1695
16;3748
16;1708
16;3769
16;1745
16;2342
16;1767
16;3840
16;1837
16;3887
16;2711
16;1939
16;1949
16;4054
16;1363
17;3848
17;3985
17;2712
17;3739
17;3873
17;3875
17;3748
17;1708
17;1837
17;3246
17;3887
17;1206
17;3871
17;3391
17;1349
17;3531
17;3022
17;1955
17;3921
17;1767
17;2599
17;1515
17;3283
17;1271
17;2679
17;2300
18;0
18;2050
18;2073
18;2123
18;78
18;4180
18;4183
18;4197
18;4205
18;4229
18;4236
18;180
18;186
18;314
18;316
18;325
18;332
18;338
18;347
18;373
18;379
18;406
18;393
18;433
18;2492
18;3153
18;2560
18;522
18;527
18;548
18;2599
18;2608
18;603
18;622
18;2713
18;669
18;2812
18;2849
18;880
18;938
18;3022
18;1054
18;1081
18;3157
18;3161
18;3172
18;3176
18;3189
18;3246
18;204
18;1271
18;1317
18;3391
18;1349
18;3531
18;2300
18;1515
18;1518
18;1540
18;1680
18;3739
18;1695
18;3748
18;1708
18;1767
18;3848
18;1821
18;3875
18;1830
18;1837
18;3887
18;1862
18;1939
18;1944
18;1977
18;4054
19;0
19;1054
19;2599
19;2608
19;1246
19;1767
19;3887
19;1837
19;314
19;1349
19;332
19;3531
19;3022
19;2300
19;1515
20;2560
20;1
20;2050
20;1540
20;536
20;1054
20;2599
20;2608
20;3145
20;77
20;78
20;3157
20;3161
20;3172
20;4197
20;3176
20;4205
20;445
20;4208
20;3189
20;4226
20;3204
20;4229
20;4234
20;4236
20;142
20;1680
20;147
20;2073
20;3739
20;161
20;162
20;1708
20;180
20;4280
20;379
20;1767
20;234
20;1271
20;252
20;3848
20;2849
20;1317
20;1830
20;1837
20;3887
20;312
20;314
20;316
20;319
20;322
20;1349
20;1862
20;329
20;332
20;338
20;347
20;2402
20;1382
20;2929
20;373
20;3391
20;386
20;393
20;401
20;1939
20;406
20;325
20;938
20;433
20;2492
20;957
20;3531
20;3022
20;4054
20;2982
20;2300
20;1515
21;2560
21;512
21;1539
21;1540
21;518
21;513
21;2573
21;3599
21;1553
21;531
21;2069
21;516
21;1054
21;2599
21;1066
21;519
21;1069
21;2608
21;1586
21;3126
21;1081
21;3679
21;1597
21;3145
21;2634
21;1616
21;1105
21;1618
21;1209
21;527
21;2654
21;3167
21;3681
21;2659
21;3172
21;3176
21;619
21;625
21;1555
21;2164
21;1143
21;2178
21;2179
21;1669
21;647
21;648
21;3209
21;3351
21;2700
21;2191
21;147
21;622
21;2710
21;1692
21;2719
21;162
21;679
21;1708
21;1965
21;180
21;695
21;697
21;188
21;1482
21;1312
21;459
21;1224
21;1737
21;719
21;3769
21;1235
21;1246
21;737
21;738
21;741
21;1745
21;1771
21;1271
21;3191
21;2299
21;2300
21;3401
21;1793
21;2306
21;1287
21;265
21;2317
21;3344
21;2691
21;1814
21;3863
21;3354
21;795
21;2845
21;3871
21;800
21;2342
21;1671
21;812
21;1837
21;819
21;823
21;314
21;316
21;1342
21;319
21;320
21;1349
21;329
21;1355
21;332
21;338
21;339
21;2388
21;2901
21;4153
21;1368
21;1375
21;2402
21;1836
21;1767
21;2109
21;879
21;2929
21;373
21;3561
21;891
21;1406
21;1407
21;2945
21;1921
21;2954
21;399
21;1939
21;406
21;3993
21;1949
21;3999
21;2982
21;2204
21;938
21;940
21;4157
21;433
21;1353
21;2492
21;3010
21;3416
21;970
21;3531
21;3022
21;3536
21;3391
21;4054
21;2529
21;3153
21;4072
21;3049
21;1515
21;1363
21;500
21;1015
21;2042
21;3068
21;3157
22;0
22;3416
22;2073
22;2077
22;2737
22;2398
22;4151
22;2122
22;77
22;78
22;4177
22;86
22;4186
22;2147
22;4197
22;4202
22;4205
22;4206
22;111
22;4208
22;117
22;2178
22;2179
22;4229
22;4234
22;139
22;4236
22;4239
22;2193
22;2201
22;155
22;2204
22;2209
22;162
22;166
22;180
22;185
22;186
22;188
22;2237
22;193
22;4291
22;4334
22;2299
22;252
22;1069
22;2344
22;312
22;314
22;315
22;316
22;317
22;320
22;322
22;323
22;325
22;327
22;329
22;332
22;335
22;337
22;343
22;346
22;347
22;350
22;353
22;2402
22;364
22;365
22;368
22;373
22;377
22;379
22;380
22;384
22;386
22;392
22;399
22;401
22;402
22;403
22;406
22;412
22;429
22;430
22;433
22;435
22;1097
22;2492
22;2494
22;447
22;2496
22;456
22;472
22;2527
22;3153
22;500
22;2560
22;519
22;522
22;4183
22;527
22;534
22;3161
22;536
22;2599
22;552
22;2608
22;2634
22;2650
22;603
22;604
22;2654
22;2659
22;619
22;625
22;628
22;2691
22;2695
22;648
22;650
22;2700
22;2703
22;2710
22;2711
22;2713
22;669
22;679
22;689
22;695
22;2757
22;713
22;2762
22;719
22;730
22;736
22;737
22;742
22;787
22;795
22;2849
22;807
22;819
22;2868
22;2883
22;842
22;843
22;851
22;2901
22;2902
22;2191
22;2913
22;2921
22;879
22;147
22;3561
22;891
22;892
22;2945
22;898
22;2954
22;908
22;2975
22;970
22;3022
22;3062
22;1015
22;1026
22;1037
22;1880
22;1045
22;1054
22;1067
22;3126
22;1088
22;1090
22;1092
22;3145
22;1105
22;1108
22;3157
22;3165
22;3172
22;3176
22;1140
22;3189
22;3191
22;1147
22;3204
22;3209
22;1163
22;3212
22;3214
22;3216
22;3227
22;1185
22;1194
22;3246
22;1209
22;1224
22;204
22;1232
22;1235
22;1246
22;3283
22;1269
22;1271
22;1272
22;1287
22;1294
22;3344
22;1300
22;3351
22;3355
22;1309
22;1312
22;3391
22;1349
22;1350
22;1352
22;3410
22;1365
22;3414
22;1368
22;1406
22;3480
22;3516
22;1482
22;3531
22;3536
22;1490
22;1511
22;2300
22;1515
22;1517
22;1518
22;1525
22;1531
22;1539
22;1540
22;1555
22;1562
22;1565
22;2929
22;1597
22;1599
22;3681
22;1618
22;3679
22;1644
22;2187
22;1669
22;1680
22;1681
22;622
22;1692
22;1695
22;1708
22;3769
22;3774
22;1745
22;3795
22;2371
22;1767
22;1782
22;3840
22;3848
22;1811
22;1814
22;1818
22;3875
22;1830
22;1836
22;1837
22;3887
22;2698
22;1862
22;1869
22;3921
22;3928
22;3044
22;1889
22;1907
22;1921
22;1939
22;1949
22;3999
22;3068
22;1965
22;1991
22;3064
22;4054
22;2415
22;3750
22;4072
22;2042
22;2044
23;1540
23;3848
23;1939
23;2073
23;1054
23;3873
23;3748
23;2599
23;1837
23;3887
23;2492
23;3391
23;706
23;1349
23;3531
23;3022
23;3153
23;3161
23;603
23;3172
23;1767
23;1515
23;2300
25;0
25;2050
25;1539
25;1540
25;2073
25;1054
25;2599
25;2608
25;4157
25;3142
25;3176
25;3177
25;1644
25;3191
25;648
25;3739
25;1695
25;1708
25;3246
25;4127
25;3022
25;1246
25;1271
25;2300
25;3848
25;2342
25;3882
25;1837
25;3887
25;314
25;316
25;3391
25;332
25;3416
25;2398
25;1767
25;908
25;1939
25;1949
25;2492
25;1482
25;3531
25;4054
25;1515
26;1540
26;2713
26;1054
26;2849
26;2599
26;681
26;1837
26;3887
26;1209
26;700
26;1349
26;1482
26;3531
26;204
26;3022
26;337
26;1363
26;730
26;737
26;3176
26;1515
26;1136
26;1140
26;2300
26;1406
28;1054
28;2599
28;1837
28;3887
28;1349
28;3142
28;3531
28;3022
28;1767
28;1515
28;2300
29;0
29;1708
29;2050
29;2073
29;2085
29;54
29;2122
29;77
29;78
29;4177
29;4183
29;4186
29;2146
29;4197
29;4205
29;4206
29;4226
29;2179
29;4229
29;4234
29;4236
29;142
29;2191
29;2193
29;2204
29;161
29;162
29;170
29;173
29;180
29;186
29;188
29;714
29;2240
29;4291
29;2248
29;239
29;2299
29;2300
29;2309
29;2317
29;2342
29;306
29;2355
29;312
29;314
29;315
29;316
29;319
29;2371
29;325
29;327
29;329
29;332
29;337
29;338
29;2389
29;343
29;345
29;346
29;347
29;350
29;742
29;365
29;2415
29;373
29;379
29;380
29;386
29;392
29;393
29;401
29;403
29;2453
29;406
29;419
29;2473
29;426
29;433
29;1097
29;2492
29;445
29;447
29;456
29;459
29;473
29;476
29;3153
29;1026
29;502
29;511
29;2560
29;519
29;522
29;527
29;534
29;536
29;2585
29;2599
29;555
29;2608
29;2634
29;603
29;2654
29;611
29;628
29;2691
29;648
29;650
29;2710
29;2711
29;1109
29;2714
29;669
29;680
29;689
29;704
29;706
29;2757
29;2762
29;719
29;724
29;730
29;737
29;2790
29;745
29;761
29;2812
29;800
29;2849
29;135
29;819
29;2868
29;823
29;849
29;851
29;856
29;2921
29;876
29;879
29;880
29;2929
29;882
29;885
29;891
29;892
29;2197
29;2954
29;908
29;2201
29;921
29;2203
29;938
29;940
29;3000
29;957
29;960
29;3010
29;843
29;2209
29;970
29;3022
29;1008
29;1015
29;3068
29;1025
29;1054
29;1055
29;1069
29;1088
29;1092
29;3145
29;3149
29;1105
29;1108
29;3157
29;185
29;3161
29;1119
29;3172
29;3176
29;1140
29;3189
29;3197
29;3209
29;1163
29;3216
29;1180
29;1195
29;3246
29;1206
29;1224
29;1246
29;1232
29;3310
29;1269
29;1271
29;1274
29;1278
29;1287
29;1300
29;2703
29;1349
29;1355
29;1368
29;1406
29;1446
29;1451
29;1458
29;2975
29;1475
29;1482
29;3531
29;1495
29;1515
29;1517
29;1539
29;1540
29;3599
29;1553
29;1555
29;1565
29;2659
29;1644
29;1669
29;1681
29;3739
29;1695
29;3748
29;997
29;1716
29;1737
29;1739
29;3795
29;1767
29;1769
29;3848
29;1811
29;1830
29;1837
29;3887
29;1862
29;3928
29;1893
29;1898
29;3985
29;1939
29;2713
29;1944
29;1949
29;1977
29;1991
29;1995
29;4054
29;3204
29;204
29;2042
29;2044
30;3840
30;1611
30;1539
30;1540
30;1814
30;908
30;3214
30;2703
30;2710
30;3480
30;2713
30;1562
30;346
30;1054
30;1695
30;2849
30;162
30;3142
30;3750
30;2599
30;1708
30;1837
30;3887
30;2398
30;315
30;3727
30;4157
30;2948
30;1092
30;325
30;1350
30;329
30;3531
30;204
30;2628
30;3028
30;4054
30;3416
30;4186
30;2654
30;1246
30;2399
30;3681
30;2022
30;1767
30;3177
30;2761
30;1515
30;2929
30;2932
30;1271
30;3191
30;2300
30;1349
31;1790
31;2050
31;1540
31;1680
31;1518
31;2073
31;1565
31;1054
31;1989
31;1317
31;807
31;938
31;1837
31;3887
31;2608
31;2355
31;3000
31;1081
31;186
31;2492
31;706
31;1349
31;1862
31;2248
31;3531
31;3022
31;3153
31;2389
31;1977
31;3161
31;603
31;1893
31;2402
31;3172
31;741
31;1767
31;2599
31;1898
31;1515
31;622
31;880
31;1939
31;3189
31;2300
31;1278
31;3157
32;1539
32;1054
32;1767
32;2300
32;1837
32;3887
32;314
32;1349
32;3022
32;1515
33;2560
33;2050
33;1540
33;3599
33;1553
33;1555
33;538
33;1054
33;549
33;689
33;1067
33;2123
33;78
33;1108
33;3157
33;603
33;3176
33;619
33;4205
33;4206
33;111
33;1140
33;3189
33;3713
33;4226
33;648
33;4236
33;1680
33;2713
33;1818
33;162
33;681
33;170
33;1708
33;3246
33;2737
33;180
33;3253
33;186
33;704
33;193
33;707
33;1222
33;1224
33;715
33;1741
33;1880
33;3795
33;724
33;1246
33;1767
33;1916
33;2599
33;239
33;1269
33;1271
33;2300
33;1802
33;1811
33;1312
33;2849
33;1837
33;3887
33;823
33;312
33;314
33;316
33;4234
33;319
33;320
33;323
33;325
33;327
33;329
33;843
33;337
33;338
33;339
33;343
33;1368
33;345
33;346
33;347
33;3216
33;2402
33;867
33;841
33;365
33;879
33;368
33;2929
33;373
33;380
33;1406
33;166
33;384
33;386
33;392
33;393
33;908
33;398
33;399
33;403
33;406
33;412
33;1349
33;417
33;1451
33;429
33;439
33;957
33;960
33;3010
33;1482
33;3531
33;461
33;3022
33;1490
33;4054
33;1495
33;527
33;2011
33;476
33;459
33;3045
33;1511
33;1515
33;1525
33;502
34;3713
34;403
34;1054
34;4006
34;2599
34;1194
34;1067
34;3887
34;960
34;3531
34;1349
34;3022
34;1767
34;1515
34;4208
34;2300
34;382
35;3840
35;1540
35;1054
35;2599
35;2608
35;1036
35;78
35;3161
35;3172
35;3176
35;3700
35;3204
35;3216
35;2713
35;669
35;1695
35;1708
35;706
35;1767
35;1271
35;2849
35;1837
35;1349
35;1939
35;1944
35;2492
35;3531
35;3022
35;3153
35;2300
35;1515
36;3887
36;1054
36;2599
36;1837
36;1349
36;3531
36;3022
36;1767
36;1515
36;2300
37;2560
37;1026
37;1539
37;1540
37;1054
37;2599
37;1599
37;1090
37;3142
37;3153
37;3161
37;3681
37;3176
37;3191
37;2686
37;1814
37;2698
37;4239
37;147
37;2710
37;2711
37;669
37;1695
37;3769
37;186
37;719
37;3534
37;730
37;1246
37;1767
37;2299
37;252
37;3840
37;3351
37;2849
37;3882
37;1837
37;3887
37;1349
37;337
37;2901
37;3416
37;346
37;882
37;2932
37;377
37;3222
37;1939
37;1949
37;4006
37;2993
37;1977
37;1525
37;1989
37;1482
37;3531
37;3022
37;3536
37;4054
37;2300
37;1515
38;2560
38;1
38;1671
38;3153
38;1036
38;3010
38;3599
38;3216
38;2713
38;1540
38;1680
38;669
38;670
38;1837
38;3887
38;2073
38;1054
38;1081
38;186
38;2492
38;957
38;574
38;3189
38;1349
38;1862
38;1224
38;3531
38;3022
38;867
38;1495
38;3161
38;603
38;3172
38;1382
38;1767
38;3176
38;2599
38;1515
38;622
38;2355
38;706
38;1525
38;1786
38;3391
38;2300
38;1919
39;1539
39;2710
39;2713
39;4127
39;3750
39;2599
39;3882
39;1837
39;3887
39;314
39;315
39;316
39;4157
39;1515
39;1349
39;3531
39;3022
39;3551
39;3681
39;1767
39;1271
39;2300
41;1939
41;2073
41;1054
41;2849
41;2599
41;1837
41;3887
41;186
41;3531
41;3022
41;2492
41;1349
41;1767
41;1515
41;1271
41;2300
42;0
42;1036
42;1054
42;2599
42;2608
42;3153
42;86
42;648
42;3246
42;186
42;1767
42;2849
42;1837
42;3887
42;1349
42;332
42;1939
42;1482
42;3531
42;3022
42;1515
44;2309
44;1681
44;2711
44;1054
44;2599
44;1837
44;3887
44;1349
44;1350
44;713
44;3531
44;4177
44;4183
44;1247
44;1767
44;2044
44;1515
44;317
44;2300
45;3713
45;406
45;2710
45;1054
45;4166
45;3882
45;3887
45;1458
45;2109
45;1349
45;3142
45;3531
45;3022
45;1232
45;1814
45;3681
45;1767
45;1515
45;4214
45;3191
45;2300
46;0
46;1540
46;2073
46;2713
46;1054
46;2599
46;938
46;1708
46;1837
46;3887
46;4280
46;1081
46;186
46;2492
46;706
46;2123
46;1349
46;1862
46;1224
46;3531
46;3022
46;3153
46;603
46;3172
46;1767
46;3176
46;1515
46;880
46;3189
46;2300
47;186
47;2300
47;2599
47;2608
47;2901
47;3022
47;1054
47;3391
47;3531
47;1515
47;1767
47;1837
47;3887
47;1349
48;516
48;517
48;518
48;531
48;1054
48;2599
48;3161
48;3172
48;4205
48;1555
48;1147
48;4226
48;4229
48;135
48;648
48;3739
48;3748
48;680
48;2737
48;715
48;433
48;3795
48;741
48;1767
48;234
48;239
48;2300
48;3848
48;2833
48;1837
48;3887
48;314
48;315
48;316
48;323
48;1349
48;329
48;332
48;3410
48;880
48;375
48;388
48;398
48;1939
48;921
48;412
48;960
48;970
48;3531
48;3022
48;1490
48;2538
48;1515
48;1009
48;2045
49;2560
49;2050
49;1540
49;3848
49;1995
49;2073
49;3204
49;1989
49;2849
49;2599
49;938
49;1837
49;3887
49;2608
49;1054
49;4280
49;1081
49;186
49;2492
49;706
49;1939
49;1349
49;1862
49;3873
49;1224
49;2762
49;3531
49;3149
49;3161
49;603
49;1893
49;1767
49;1515
49;1811
49;2300
49;3157
50;856
50;1054
50;2599
50;1837
50;3887
50;1349
50;3531
50;3022
50;1767
50;1515
50;4206
50;2300
51;2179
51;2193
51;2069
51;1054
51;2599
51;1837
51;3887
51;3531
51;3022
51;1349
51;1767
51;2300
51;1515
52;648
52;1681
52;1555
52;1562
52;1054
52;1349
52;2599
52;1837
52;3887
52;1140
52;706
52;3531
52;204
52;3022
52;312
52;1363
52;1368
52;1767
52;1515
52;1644
52;2300
52;1406
53;1814
53;1054
53;1695
53;2599
53;3882
53;1837
53;3887
53;2635
53;1349
53;3531
53;1246
53;1767
53;1515
53;1003
53;2300
54;0
54;1054
54;1271
54;2599
54;1708
54;1837
54;3887
54;3391
54;1349
54;3531
54;3022
54;1767
54;1515
54;2300
55;0
55;1
55;2050
55;4106
55;4127
55;347
55;350
55;2109
55;2401
55;2122
55;2123
55;78
55;86
55;4214
55;4226
55;135
55;4234
55;4236
55;2201
55;2204
55;2209
55;162
55;180
55;2761
55;2236
55;2240
55;4291
55;204
55;238
55;2299
55;252
55;2778
55;2342
55;312
55;314
55;315
55;316
55;320
55;325
55;327
55;329
55;332
55;337
55;2398
55;353
55;2402
55;364
55;373
55;380
55;384
55;386
55;392
55;393
55;401
55;402
55;406
55;426
55;430
55;433
55;2492
55;445
55;456
55;2536
55;502
55;2560
55;522
55;527
55;534
55;2599
55;2608
55;2635
55;2650
55;2654
55;2671
55;2698
55;2710
55;2713
55;669
55;689
55;713
55;719
55;730
55;737
55;742
55;2797
55;761
55;2849
55;843
55;851
55;856
55;2912
55;2927
55;2929
55;882
55;2932
55;888
55;2945
55;2948
55;908
55;1517
55;957
55;970
55;3022
55;3028
55;3053
55;1026
55;1036
55;1054
55;3109
55;1081
55;1088
55;1090
55;1092
55;3142
55;3145
55;3176
55;3177
55;1139
55;3191
55;3214
55;3227
55;3241
55;1235
55;1269
55;1271
55;3333
55;1287
55;3354
55;3355
55;1353
55;1368
55;1446
55;1451
55;1458
55;3999
55;3520
55;1482
55;3531
55;3532
55;3534
55;3536
55;3551
55;3557
55;2300
55;1515
55;1518
55;1525
55;1539
55;1540
55;3611
55;3679
55;1349
55;3681
55;1644
55;1681
55;1695
55;3750
55;3769
55;1739
55;1745
55;3795
55;1767
55;3816
55;1782
55;1790
55;3840
55;1811
55;1814
55;3870
55;3882
55;1837
55;3887
55;1939
55;3993
55;2042
55;4157
56;1025
56;1026
56;520
56;522
56;527
56;534
56;536
56;2073
56;1054
56;1055
56;689
56;1069
56;1077
56;54
56;445
56;77
56;78
56;697
56;3161
56;608
56;3172
56;4208
56;2695
56;142
56;147
56;1695
56;161
56;168
56;170
56;173
56;3246
56;2737
56;180
56;695
56;185
56;186
56;188
56;2762
56;885
56;704
56;714
56;887
56;888
56;727
56;730
56;737
56;742
56;1767
56;234
56;2599
56;239
56;1271
56;761
56;997
56;252
56;265
56;1811
56;3391
56;1309
56;2849
56;1830
56;812
56;1837
56;3887
56;305
56;819
56;823
56;312
56;314
56;315
56;316
56;319
56;1349
56;3913
56;842
56;2891
56;845
56;846
56;338
56;851
56;852
56;2389
56;855
56;856
56;345
56;346
56;347
56;350
56;1898
56;876
56;879
56;368
56;882
56;373
56;375
56;379
56;386
56;491
56;392
56;393
56;908
56;399
56;401
56;1939
56;406
56;1944
56;921
56;412
56;419
56;430
56;433
56;329
56;957
56;958
56;3010
56;843
56;964
56;456
56;970
56;3531
56;461
56;3022
56;4054
56;135
56;485
56;2300
56;1515
56;1009
56;1525
56;502
56;1015
57;4236
57;405
57;1054
57;807
57;1837
57;3887
57;819
57;185
57;1342
57;319
57;322
57;459
57;1349
57;1862
57;3786
57;3531
57;461
57;3022
57;1446
57;338
57;601
57;603
57;350
57;611
57;1767
57;4200
57;2599
57;234
57;1515
57;364
57;4334
57;1907
57;724
57;761
57;2300
58;1026
58;1539
58;1540
58;1036
58;1368
58;2073
58;1562
58;1565
58;1054
58;2599
58;2608
58;1081
58;4157
58;1092
58;3145
58;2127
58;3161
58;603
58;3681
58;2146
58;3176
58;4205
58;1140
58;3191
58;4226
58;2710
58;2713
58;1695
58;3750
58;1708
58;2737
58;1737
58;3774
58;713
58;204
58;1767
58;2300
58;1287
58;265
58;1300
58;1814
58;2849
58;2342
58;1837
58;3887
58;823
58;312
58;1342
58;1349
58;1350
58;337
58;851
58;2901
58;856
58;346
58;2929
58;1407
58;908
58;1949
58;1451
58;3700
58;1989
58;1482
58;3531
58;3022
58;4054
58;252
58;1515
58;1518
58;500
58;2042
59;2698
59;669
59;1054
59;2599
59;1837
59;3246
59;3887
59;522
59;1090
59;1349
59;3531
59;204
59;3022
59;1363
59;4054
59;343
59;3191
59;3750
59;742
59;1767
59;1515
59;957
59;2300
60;522
60;856
60;1054
60;1058
60;2599
60;45
60;54
60;4157
60;3138
60;2628
60;3142
60;3145
60;3149
60;1616
60;3153
60;1109
60;86
60;2651
60;2654
60;3681
60;2659
60;3172
60;3176
60;3177
60;1644
60;3182
60;111
60;3189
60;3191
60;4226
60;647
60;648
60;2710
60;2713
60;2714
60;2203
60;180
60;1209
60;2236
60;3416
60;4291
60;2761
60;3289
60;1246
60;1247
60;1830
60;1767
60;3197
60;757
60;252
60;2309
60;1814
60;3354
60;3355
60;2342
60;1837
60;3887
60;1843
60;2868
60;2270
60;315
60;3126
60;327
60;2901
60;1081
60;1368
60;345
60;2398
60;2399
60;2927
60;880
60;3442
60;2937
60;3222
60;3053
60;3993
60;921
60;1349
60;4005
60;2982
60;940
60;1458
60;1977
60;3999
60;2496
60;843
60;3531
60;3532
60;3022
60;77
60;135
60;3043
60;3044
60;997
60;2536
60;2300
60;1515
60;1517
60;1009
60;1015
60;2042
60;509
60;2559
61;1539
61;908
61;131
61;406
61;3227
61;1054
61;1695
61;3611
61;2599
61;3882
61;1837
61;3887
61;3520
61;4081
61;1349
61;3142
61;332
61;3531
61;204
61;3022
61;314
61;354
61;2299
61;1767
61;1515
61;1517
61;2932
61;1271
61;2938
61;2300
62;1054
62;2599
62;2608
62;3172
62;3176
62;1767
62;1271
62;2300
62;1837
62;3887
62;1349
62;3531
62;3022
62;1515
64;4229
64;406
64;1054
64;2599
64;1837
64;3887
64;1349
64;3531
64;3022
64;4054
64;1767
64;1515
64;1271
64;2300
66;0
66;1540
66;2585
66;2599
66;555
66;2608
66;3145
66;3149
66;3157
66;86
66;3161
66;608
66;3172
66;3176
66;3189
66;3713
66;135
66;3216
66;669
66;1695
66;3748
66;180
66;3253
66;4280
66;186
66;1995
66;2762
66;2254
66;3283
66;727
66;218
66;2790
66;1767
66;3310
66;1271
66;2300
66;3848
66;2833
66;3863
66;3204
66;1309
66;3875
66;1317
66;1830
66;2344
66;1837
66;3887
66;2875
66;3391
66;1349
66;3410
66;1371
66;1680
66;867
66;1898
66;2355
66;2929
66;1919
66;1939
66;3739
66;2473
66;1977
66;1467
66;2492
66;3531
66;3022
66;77
66;1495
66;1525
67;0
67;518
67;1368
67;534
67;2073
67;1054
67;2599
67;2608
67;3126
67;4157
67;1608
67;3145
67;3149
67;3161
67;4186
67;603
67;2654
67;3681
67;3172
67;4197
67;4205
67;4208
67;3191
67;2691
67;3204
67;135
67;648
67;3209
67;3214
67;2710
67;2711
67;1688
67;2714
67;1695
67;880
67;3750
67;679
67;180
67;185
67;4291
67;3289
67;737
67;1767
67;1271
67;2300
67;3840
67;2820
67;3848
67;3354
67;3355
67;2849
67;2342
67;1837
67;2868
67;823
67;314
67;315
67;316
67;1613
67;319
67;1349
67;2901
67;3416
67;2921
67;365
67;1392
67;2929
67;1907
67;2932
67;1406
67;3053
67;401
67;1939
67;406
67;3993
67;1949
67;419
67;1446
67;2473
67;1451
67;433
67;2492
67;445
67;1989
67;3531
67;3532
67;77
67;3536
67;4072
67;1515
67;1517
67;2547
67;1015
67;2045
67;2559
68;0
68;1540
68;1054
68;2599
68;1081
68;4157
68;1088
68;3681
68;86
68;2654
68;2146
68;3189
68;3191
68;3204
68;2710
68;2714
68;1695
68;730
68;737
68;2342
68;1767
68;2300
68;2849
68;135
68;1837
68;3887
68;312
68;1862
68;1360
68;2901
68;3416
68;880
68;908
68;401
68;1939
68;406
68;1349
68;3531
68;3022
68;77
68;1515
69;0
69;1054
69;2599
69;3748
69;1708
69;3246
69;1767
69;3848
69;1837
69;3887
69;3391
69;1349
69;1515
69;3531
69;3022
69;2300
70;393
70;1681
70;1054
70;2599
70;1837
70;3887
70;689
70;1349
70;1482
70;3531
70;3022
70;1889
70;1767
70;2300
70;3157
71;1054
71;2599
71;603
71;3681
71;3176
71;2179
71;2710
71;186
71;1767
71;1271
71;2300
71;2849
71;1837
71;908
71;1939
71;1349
71;1482
71;3531
71;3022
72;0
72;1
72;78
72;86
72;111
72;131
72;147
72;162
72;173
72;180
72;186
72;188
72;204
72;218
72;234
72;238
72;239
72;252
72;265
72;284
72;312
72;314
72;315
72;316
72;317
72;319
72;320
72;323
72;325
72;329
72;332
72;337
72;338
72;339
72;342
72;345
72;346
72;347
72;350
72;354
72;373
72;379
72;386
72;392
72;393
72;399
72;401
72;406
72;422
72;426
72;430
72;433
72;435
72;439
72;445
72;459
72;500
72;502
72;511
72;513
72;516
72;519
72;522
72;527
72;531
72;534
72;548
72;549
72;574
72;603
72;611
72;619
72;622
72;625
72;628
72;645
72;648
72;669
72;670
72;689
72;695
72;697
72;706
72;707
72;714
72;715
72;719
72;724
72;730
72;736
72;737
72;742
72;746
72;757
72;761
72;795
72;807
72;815
72;819
72;823
72;843
72;851
72;856
72;867
72;876
72;879
72;880
72;882
72;887
72;891
72;892
72;908
72;938
72;940
72;957
72;960
72;970
72;997
72;1003
72;1007
72;1013
72;1015
72;1026
72;1036
72;1054
72;1069
72;1077
72;1081
72;1088
72;1090
72;1092
72;1105
72;1108
72;1109
72;1136
72;1139
72;1140
72;1147
72;1181
72;1191
72;1194
72;1206
72;1209
72;1224
72;1235
72;1246
72;1269
72;1271
72;1287
72;1294
72;1312
72;1317
72;1342
72;1349
72;1350
72;1352
72;1353
72;1355
72;1360
72;1363
72;1366
72;1368
72;1406
72;1413
72;1446
72;1451
72;1458
72;1475
72;1482
72;1495
72;1515
72;1517
72;1518
72;1525
72;1539
72;1540
72;1553
72;1555
72;1562
72;1565
72;1586
72;1644
72;1669
72;1680
72;1681
72;1695
72;1708
72;1737
72;1739
72;1745
72;1767
72;1769
72;1782
72;1790
72;1811
72;1814
72;1830
72;1837
72;1862
72;1864
72;1880
72;1889
72;1893
72;1919
72;1935
72;1939
72;1949
72;1951
72;1955
72;1965
72;1977
72;1989
72;1995
72;2042
72;2043
72;2044
72;2050
72;2069
72;2073
72;2122
72;2123
72;2146
72;2147
72;2179
72;2191
72;2193
72;2197
72;2201
72;2204
72;2209
72;2236
72;2240
72;2248
72;2299
72;2300
72;2309
72;2317
72;2342
72;2369
72;2398
72;2399
72;2401
72;2402
72;2415
72;2475
72;2492
72;2496
72;2536
72;2538
72;2559
72;2560
72;2570
72;2585
72;2599
72;2608
72;2614
72;2627
72;2628
72;2634
72;2635
72;2650
72;2651
72;2654
72;2659
72;2671
72;2691
72;2703
72;2710
72;2711
72;2713
72;2714
72;2719
72;2757
72;2761
72;2778
72;2797
72;2820
72;2849
72;2868
72;2901
72;2913
72;2929
72;2932
72;2937
72;2945
72;2948
72;2951
72;2954
72;2982
72;3000
72;3010
72;3022
72;3028
72;3043
72;3044
72;3053
72;3062
72;3067
72;3068
72;3126
72;3142
72;3145
72;3153
72;3157
72;3161
72;3165
72;3167
72;3172
72;3176
72;3177
72;3182
72;3189
72;3191
72;3197
72;3200
72;3204
72;3207
72;3209
72;3216
72;3222
72;3227
72;3246
72;3253
72;3310
72;3333
72;3344
72;3351
72;3355
72;3391
72;3401
72;3410
72;3416
72;3480
72;3520
72;3527
72;3531
72;3532
72;3534
72;3536
72;3551
72;3557
72;3561
72;3599
72;3611
72;3639
72;3673
72;3679
72;3681
72;3683
72;3714
72;3727
72;3739
72;3748
72;3750
72;3755
72;3769
72;3773
72;3774
72;3778
72;3786
72;3840
72;3848
72;3863
72;3870
72;3871
72;3873
72;3875
72;3882
72;3887
72;3921
72;3985
72;3993
72;3999
72;4054
72;4072
72;4076
72;4106
72;4127
72;4151
72;4153
72;4157
72;4166
72;4186
72;4200
72;4214
72;4226
72;4236
73;1
73;519
73;908
73;1294
73;1939
73;1300
73;819
73;795
73;669
73;1054
73;2849
73;2599
73;1837
73;3887
73;180
73;186
73;445
73;843
73;1349
73;1140
73;1353
73;3531
73;332
73;3022
73;1234
73;851
73;86
73;727
73;730
73;314
73;1246
73;1247
73;737
73;3172
73;1767
73;252
73;1363
73;1515
73;4205
73;622
73;111
73;882
73;1013
73;1271
73;2300
73;1406
74;0
74;2050
74;1539
74;343
74;2069
74;2650
74;1054
74;2608
74;1586
74;3639
74;3681
74;4177
74;1109
74;4186
74;3873
74;2146
74;611
74;3172
74;4197
74;3191
74;3714
74;1669
74;2698
74;648
74;1680
74;147
74;2710
74;1181
74;1695
74;3750
74;680
74;1708
74;4234
74;1209
74;373
74;1224
74;2762
74;1246
74;737
74;1767
74;234
74;2599
74;1782
74;1271
74;2299
74;2300
74;2813
74;1814
74;2849
74;2342
74;1836
74;1837
74;3887
74;819
74;314
74;315
74;316
74;320
74;1349
74;1350
74;327
74;329
74;338
74;1363
74;855
74;346
74;350
74;2402
74;1898
74;876
74;2929
74;885
74;887
74;891
74;892
74;1919
74;2945
74;392
74;393
74;401
74;1939
74;406
74;419
74;1451
74;430
74;433
74;1475
74;1991
74;970
74;3531
74;3022
74;4054
74;1515
74;500
74;502
74;1015
74;3157
75;1054
75;2875
75;3531
75;2453
76;0
76;1
76;2050
76;1539
76;1540
76;522
76;1036
76;3599
76;1555
76;2069
76;534
76;2073
76;4127
76;555
76;1069
76;2608
76;1081
76;1088
76;2123
76;3149
76;78
76;3153
76;3157
76;2560
76;3769
76;3161
76;527
76;2654
76;3167
76;3172
76;4157
76;3176
76;619
76;1644
76;856
76;1139
76;628
76;3189
76;1368
76;2496
76;2179
76;3204
76;1669
76;135
76;648
76;4236
76;142
76;2191
76;3216
76;2710
76;2714
76;3739
76;2204
76;1695
76;3748
76;1708
76;3246
76;180
76;1054
76;3700
76;4280
76;186
76;3416
76;706
76;1224
76;719
76;1745
76;730
76;1246
76;737
76;742
76;1767
76;3795
76;1271
76;761
76;252
76;2309
76;2945
76;3848
76;1294
76;3344
76;970
76;1814
76;3355
76;1821
76;1830
76;1836
76;1837
76;3062
76;314
76;315
76;316
76;1342
76;319
76;325
76;1862
76;329
76;332
76;1360
76;2901
76;1880
76;2703
76;2398
76;1680
76;2402
76;1893
76;2929
76;882
76;373
76;892
76;392
76;1517
76;401
76;1939
76;406
76;1349
76;347
76;938
76;1451
76;940
76;1949
76;433
76;2691
76;1977
76;2492
76;3283
76;3561
76;1989
76;1482
76;3531
76;3022
76;3536
76;3391
76;2342
76;1495
76;3044
76;4072
76;2300
76;1363
76;1515
76;338
76;1518
76;851
76;1525
76;1015
76;1406
76;2042
76;1109
77;2560
77;1
77;2050
77;1539
77;1540
77;518
77;2570
77;1036
77;3416
77;1555
77;2069
77;512
77;1054
77;4127
77;549
77;2371
77;555
77;4076
77;2608
77;2398
77;1092
77;3142
77;1097
77;2122
77;2123
77;3153
77;2147
77;1108
77;3157
77;2650
77;603
77;609
77;611
77;3176
77;619
77;2159
77;628
77;3191
77;4226
77;2179
77;1669
77;648
77;3209
77;650
77;516
77;2191
77;1680
77;2194
77;2197
77;2710
77;2711
77;2713
77;2714
77;3227
77;669
77;1695
77;162
77;3355
77;3748
77;681
77;1708
77;180
77;3769
77;186
77;459
77;2757
77;1224
77;2671
77;715
77;204
77;1741
77;1234
77;1235
77;724
77;3961
77;730
77;719
77;734
77;736
77;737
77;891
77;2342
77;742
77;1767
77;2797
77;4236
77;1782
77;1271
77;2299
77;252
77;3401
77;3840
77;1793
77;2975
77;1287
77;3848
77;2164
77;111
77;3714
77;1294
77;787
77;1814
77;3351
77;795
77;1312
77;3875
77;1830
77;3882
77;1837
77;3887
77;819
77;1246
77;823
77;314
77;3727
77;2698
77;1342
77;1349
77;329
77;332
77;1360
77;337
77;338
77;1363
77;856
77;347
77;2913
77;1893
77;1901
77;2927
77;880
77;2932
77;373
77;1769
77;2938
77;319
77;892
77;2945
77;2369
77;908
77;401
77;1939
77;406
77;2201
77;325
77;1965
77;1949
77;879
77;435
77;1353
77;3999
77;1977
77;2719
77;1983
77;3561
77;3527
77;1482
77;3531
77;3022
77;3536
77;3391
77;4054
77;3681
77;2527
77;485
77;1511
77;2300
77;1515
77;4081
77;2659
77;500
77;3062
77;1015
77;2044
78;1054
78;3531
78;3172
79;3840
79;1
79;1515
79;3848
79;3598
79;3216
79;2453
79;2713
79;155
79;669
79;1054
79;2599
79;555
79;1708
79;1837
79;3246
79;3887
79;3253
79;1206
79;4280
79;957
79;3774
79;1349
79;3913
79;3531
79;3022
79;3921
79;3928
79;218
79;1767
79;880
79;2300
80;1539
80;1562
80;2599
80;1599
80;4183
80;4202
80;2179
80;4236
80;1681
80;1695
80;3750
80;1054
80;1767
80;3882
80;1837
80;3887
80;325
80;337
80;343
80;347
80;364
80;392
80;3480
80;1949
80;1349
80;3531
80;3022
80;3044
80;1617
80;2300
80;1515
81;2560
81;1540
81;1680
81;1939
81;2073
81;2713
81;1054
81;1695
81;1821
81;1830
81;2599
81;938
81;1837
81;3887
81;1081
81;186
81;2492
81;706
81;2123
81;1989
81;1862
81;1224
81;3531
81;3022
81;3153
81;1495
81;3161
81;603
81;1349
81;3172
81;1767
81;3176
81;1515
81;622
81;1977
81;3189
81;2300
82;2050
82;4106
82;536
82;1562
82;1054
82;4127
82;2599
82;555
82;2608
82;1586
82;1077
82;2109
82;2110
82;1090
82;2122
82;2123
82;2127
82;1105
82;4186
82;603
82;3165
82;2654
82;1121
82;4197
82;1644
82;112
82;1139
82;1147
82;2691
82;4234
82;2700
82;3216
82;2713
82;1692
82;2209
82;882
82;3246
82;2737
82;1209
82;700
82;707
82;1737
82;3795
82;1246
82;742
82;1767
82;757
82;3452
82;2300
82;3840
82;1069
82;3354
82;1317
82;1836
82;1837
82;3887
82;819
82;823
82;315
82;2366
82;1349
82;1353
82;332
82;851
82;1368
82;1371
82;2912
82;1889
82;1681
82;364
82;373
82;380
82;2945
82;393
82;1933
82;401
82;1939
82;406
82;1951
82;417
82;419
82;4005
82;1446
82;2204
82;430
82;1458
82;329
82;957
82;1269
82;964
82;3062
82;1482
82;3531
82;3532
82;3022
82;2009
82;1515
82;1517
82;502
82;2042
82;2044
83;0
83;1539
83;1540
83;3593
83;1965
83;1054
83;1055
83;2599
83;4157
83;4163
83;1092
83;3142
83;78
83;3157
83;2654
83;3681
83;2659
83;3177
83;1644
83;4370
83;3191
83;3520
83;2178
83;2691
83;3727
83;2710
83;2711
83;3227
83;2719
83;681
83;3769
83;186
83;2236
83;3773
83;3778
83;4214
83;1745
83;2267
83;1246
83;3810
83;1951
83;1767
83;1271
83;2300
83;3714
83;1814
83;3351
83;3354
83;3355
83;3356
83;2342
83;1837
83;3887
83;1843
83;3209
83;314
83;316
83;332
83;284
83;3416
83;3557
83;2401
83;2927
83;2932
83;2938
83;2945
83;2951
83;908
83;1939
83;1949
83;1349
83;4166
83;2475
83;3999
83;1983
83;2496
83;3527
83;3022
83;3536
83;1482
83;3043
83;3049
83;1515
83;4076
83;4081
83;2043
83;2044
84;1
84;2050
84;1540
84;2565
84;2073
84;1563
84;1054
84;2599
84;3117
84;2608
84;1081
84;3145
84;2634
84;3149
84;3153
84;3157
84;3161
84;3172
84;3176
84;622
84;3189
84;3204
84;647
84;3010
84;1680
84;3182
84;2712
84;2714
84;3739
84;670
84;1695
84;680
84;1194
84;1224
84;3253
84;186
84;706
84;1995
84;2757
84;2248
84;736
84;741
84;1767
84;2300
84;2813
84;1790
84;787
84;1821
84;2849
84;807
84;1671
84;1837
84;3887
84;2355
84;3391
84;1349
84;1862
84;849
84;2402
84;1893
84;1898
84;880
84;1939
84;1931
84;1688
84;1944
84;2982
84;2473
84;938
84;3000
84;1977
84;2492
84;957
84;1989
84;3531
84;3022
84;1495
84;2009
84;2538
84;1515
84;1518
84;1007
84;1278
84;1525
85;0
85;2560
85;1540
85;2565
85;1036
85;1040
85;1565
85;1054
85;543
85;2599
85;555
85;3117
85;2608
85;2614
85;3639
85;1081
85;1599
85;3138
85;1606
85;3145
85;2123
85;77
85;78
85;1105
85;3157
85;3161
85;603
85;608
85;3172
85;3176
85;3182
85;111
85;3700
85;3189
85;2921
85;3197
85;3713
85;3204
85;2695
85;3863
85;142
85;2714
85;155
85;670
85;1695
85;1194
85;1708
85;3246
85;1206
85;185
85;186
85;2757
85;1224
85;2762
85;3283
85;727
85;736
85;2790
85;1767
85;1271
85;1786
85;1278
85;3840
85;769
85;3848
85;265
85;1811
85;1309
85;2849
85;1317
85;1830
85;807
85;135
85;1837
85;3887
85;2360
85;2875
85;1349
85;1869
85;1371
85;867
85;1382
85;2929
85;3153
85;1680
85;1944
85;1955
85;2982
85;2473
85;938
85;1467
85;957
85;3010
85;2891
85;3531
85;3022
85;3149
85;1495
85;1503
85;2022
85;1617
85;1515
85;1518
85;1977
85;2547
87;2560
87;1451
87;2050
87;1540
87;522
87;1036
87;3598
87;856
87;531
87;2069
87;534
87;536
87;2073
87;1562
87;1054
87;1055
87;549
87;2599
87;555
87;1069
87;2608
87;1077
87;1081
87;1088
87;3480
87;1092
87;2389
87;1608
87;3145
87;2122
87;2123
87;591
87;3153
87;1618
87;2659
87;1108
87;1109
87;86
87;3769
87;603
87;2654
87;3681
87;611
87;3172
87;3176
87;700
87;619
87;957
87;4208
87;1140
87;3189
87;3191
87;4226
87;2179
87;645
87;648
87;2698
87;1368
87;4236
87;142
87;2703
87;1680
87;1681
87;4206
87;2710
87;2711
87;2201
87;2714
87;3739
87;2204
87;670
87;1695
87;2209
87;3748
87;3750
87;3246
87;456
87;180
87;4280
87;4127
87;188
87;3774
87;706
87;2757
87;1224
87;2761
87;2762
87;1739
87;1745
87;1539
87;3283
87;730
87;891
87;742
87;1767
87;3227
87;757
87;1271
87;761
87;252
87;622
87;1278
87;3840
87;2820
87;2309
87;1287
87;3848
87;1836
87;1294
87;970
87;787
87;1300
87;1814
87;3355
87;1821
87;1669
87;2849
87;135
87;1837
87;3887
87;819
87;1246
87;312
87;314
87;315
87;1349
87;1862
87;327
87;3214
87;1869
87;2360
87;851
87;3416
87;350
87;2912
87;1889
87;2921
87;1898
87;880
87;2929
87;2932
87;379
87;1406
87;2945
87;2951
87;392
87;393
87;3053
87;401
87;1939
87;406
87;1944
87;1949
87;2236
87;419
87;3068
87;1350
87;1446
87;2473
87;2475
87;433
87;4106
87;2691
87;1977
87;3000
87;185
87;1951
87;958
87;1269
87;2492
87;3531
87;3532
87;3022
87;3536
87;3391
87;1955
87;1495
87;1209
87;3551
87;1482
87;2299
87;3044
87;2982
87;3921
87;4072
87;2300
87;1515
87;4076
87;2813
87;4081
87;1363
87;445
87;1015
87;2042
87;2559
87;2044
87;2045
87;2901
88;0
88;2496
88;1539
88;135
88;3848
88;3351
88;908
88;1680
88;401
88;1555
88;2069
88;1814
88;1540
88;2714
88;1949
88;1054
88;1695
88;2599
88;1837
88;3887
88;2608
88;689
88;2691
88;1246
88;1081
88;186
88;1515
88;1342
88;3391
88;706
88;2635
88;1349
88;3681
88;3531
88;3022
88;1360
88;3142
88;338
88;3769
88;3416
88;3161
88;3157
88;3191
88;2654
88;1862
88;3536
88;2659
88;3153
88;3177
88;1767
88;1644
88;2797
88;2671
88;1977
88;373
88;1271
88;2932
88;2300
88;1406
88;2901
89;0
89;3840
89;619
89;135
89;648
89;3216
89;3985
89;640
89;3739
89;1054
89;1955
89;3748
89;549
89;555
89;1708
89;1837
89;3246
89;3887
89;3848
89;1206
89;1503
89;3391
89;1349
89;3531
89;3022
89;3921
89;609
89;1767
89;2599
89;4079
89;3442
89;628
89;117
89;1271
89;500
89;2300
90;0
90;2073
90;1054
90;2599
90;1081
90;86
90;2654
90;3681
90;3177
90;3191
90;2179
90;2710
90;180
90;186
90;1246
90;2342
90;1767
90;1271
90;2300
90;2820
90;2849
90;3882
90;1837
90;3887
90;314
90;316
90;1349
90;332
90;908
90;1939
90;406
90;1949
90;1695
90;3531
90;3022
90;1515
91;0
91;1
91;2050
91;1540
91;1036
91;2073
91;1565
91;2599
91;555
91;2608
91;1081
91;574
91;2123
91;3149
91;1105
91;3157
91;2560
91;3161
91;603
91;3172
91;622
91;3189
91;3204
91;3010
91;3216
91;2713
91;2714
91;1695
91;3748
91;680
91;1708
91;3246
91;3253
91;4280
91;186
91;706
91;2757
91;1224
91;2762
91;3283
91;218
91;736
91;1767
91;2300
91;3840
91;3848
91;1821
91;2849
91;1317
91;1830
91;807
91;3887
91;2355
91;3391
91;1349
91;1862
91;2389
91;1680
91;2402
91;1893
91;2921
91;880
91;1919
91;1939
91;1944
91;2982
91;2473
91;938
91;3000
91;1977
91;2492
91;957
91;1989
91;3531
91;3022
91;1495
91;3153
91;1515
91;1518
91;1525
92;0
92;1054
92;2599
92;3153
92;603
92;3172
92;3189
92;3204
92;3739
92;180
92;3531
92;2757
92;1767
92;1837
92;3887
92;316
92;1349
92;406
92;2492
92;3022
92;4054
92;2300
92;1515
93;0
93;2599
93;603
93;3681
93;3176
93;2710
93;1054
93;186
93;1767
93;1271
93;2300
93;3848
93;1837
93;3887
93;1349
93;1939
93;3531
93;3022
93;1515
94;1539
94;1540
94;1036
94;3599
94;1555
94;2069
94;534
94;1054
94;2608
94;1586
94;527
94;609
94;2146
94;3176
94;1139
94;1140
94;3713
94;3216
94;2710
94;3739
94;161
94;3253
94;185
94;1224
94;1739
94;1234
94;1767
94;2599
94;1269
94;1271
94;2300
94;3840
94;3848
94;1294
94;1821
94;3871
94;1317
94;807
94;3887
94;819
94;1247
94;316
94;1342
94;1352
94;332
94;849
94;338
94;339
94;2901
94;343
94;1368
94;2913
94;885
94;886
94;887
94;379
94;1406
94;1837
94;392
94;908
94;1944
94;1949
94;1889
94;940
94;1965
94;1181
94;1977
94;2492
94;964
94;1482
94;3531
94;3022
94;459
94;1360
94;1515
94;1008
94;511
95;1045
95;1054
95;2599
95;2628
95;2635
95;3310
95;4183
95;4186
95;4197
95;4202
95;4205
95;4206
95;3713
95;4234
95;2713
95;1695
95;3750
95;3246
95;689
95;3795
95;1767
95;2299
95;2300
95;2849
95;1837
95;3887
95;1349
95;1350
95;343
95;375
95;380
95;386
95;403
95;426
95;1482
95;3531
95;3022
95;1515
95;3053
96;0
96;1539
96;1540
96;4106
96;1562
96;2650
96;1054
96;2599
96;2608
96;2109
96;1090
96;2628
96;3142
96;2635
96;78
96;3157
96;4186
96;3681
96;4197
96;3176
96;4205
96;1139
96;3189
96;3191
96;648
96;4234
96;2713
96;1695
96;3750
96;1708
96;3246
96;186
96;1246
96;737
96;1767
96;2299
96;2849
96;1837
96;3887
96;312
96;314
96;315
96;316
96;2698
96;319
96;1349
96;329
96;332
96;1880
96;908
96;401
96;1939
96;406
96;3480
96;1949
96;433
96;1977
96;3531
96;3532
96;3022
96;3028
96;4054
96;3153
96;2300
96;1515
96;1517
98;0
98;2073
98;1054
98;2599
98;2608
98;3176
98;3748
98;186
98;2300
98;1837
98;3887
98;2901
98;1767
98;1939
98;1349
98;3531
98;3022
98;1515
98;2710
99;0
99;3848
99;1054
99;3748
99;2599
99;1708
99;1837
99;3246
99;3887
99;3391
99;3531
99;3022
99;1767
99;1515
99;2300
